input_week_day,cnt
1,220437.33333333334
2,220526.83333333334
3,228189.5
4,229069.83333333334
5,229547.5
6,221987.66666666666
7,217677.66666666666
