week_of_year,cnt
36,735.5714285714286
37,436.6
38,474.0
39,412.42857142857144
40,142.33333333333334
41,317.5
42,267.85714285714283
43,672.8571428571429
