week_of_year,cnt
36,1710.1591760299625
37,1631.64
38,1536.5585106382978
39,1566.4310197086547
40,1457.1391147244806
41,1352.3667218543046
42,1464.3820132013202
43,719.7272727272727
